Niger, Agadez, Aderbissinat, 
Niger, Agadez, Agadez, 
Niger, Agadez, Arlit, 
Niger, Agadez, Bilma, 
Niger, Agadez, Iférouane, 
Niger, Agadez, Ingall, 
Niger, Agadez, Tchirozérine, 
Niger, Diffa, Bosso, 
Niger, Diffa, Diffa, 
Niger, Diffa, Goudoumaria, 
Niger, Diffa, Maine Soroa, 
Niger, Diffa, N'Gourti, 
Niger, Diffa, N'Guigma, 
Niger, Dosso, Boboye, 
Niger, Dosso, Dioundiou, 
Niger, Dosso, Dogon Doutchi,
Niger, Dosso, Dossa, 
Niger, Dosso, Falmey, 
Niger, Dosso, Gaya, 
Niger, Dosso, Loga, 
Niger, Dosso, Tibiri, 
Niger, Maradi, Aguié, 
Niger, Maradi, Bermo, 
Niger, Maradi, Dakoro, 
Niger, Maradi, Gazaoua, 
Niger, Maradi, Guidam Rougi, 
Niger, Maradi, Madarounfa, 
Niger, Maradi, Maradi, Maradi I
Niger, Maradi, Maradi, Maradi II
Niger, Maradi, Maradi, Maradi III
Niger, Maradi, Mayayi, 
Niger, Maradi, Téssaoua, 
Niger, Niamey, Niamey, Niamey I
Niger, Niamey, Niamey, Niamey II
Niger, Niamey, Niamey, Niamey III
Niger, Niamey, Niamey, Niamey IV
Niger, Niamey, Niamey, Niamey V
Niger, Tahoua, AbalaK, 
Niger, Tahoua, Bagaroua, 
Niger, Tahoua, Birni Konni, 
Niger, Tahoua, Bouza, 
Niger, Tahoua, Illéla, 
Niger, Tahoua, Keita, 
Niger, Tahoua, Masaoua, 
Niger, Tahoua, Malbaza, 
Niger, Tahoua, Tahoua, Tahoua I
Niger, Tahoua, Tahoua, Tahoua II
Niger, Tahoua, Tahoua, Tahoua III
Niger, Tahoua, Tassara, 
Niger, Tahoua, Tchintabaraden, 
Niger, Tahoua, Tillia, 
Niger, Tillaberi, Abala, 
Niger, Tillaberi, Ayorou, 
Niger, Tillaberi, Bankilaré, 
Niger, Tillaberi, Banibangou, 
Niger, Tillaberi, Balleyara, 
Niger, Tillaberi, Filingue, 
Niger, Tillaberi, Gothèye, 
Niger, Tillaberi, Kollo, 
Niger, Tillaberi, Ouallam, 
Niger, Tillaberi, Say, 
Niger, Tillaberi, Téra, 
Niger, Tillaberi, Tillaberi, 
Niger, Tillaberi, Torodi, 
Niger, Zinder, Belbédji, 
Niger, Zinder, Damagaran Takaya, 
Niger, Zinder, Doungass, 
Niger, Zinder, Gouré, 
Niger, Zinder, Magaria, 
Niger, Zinder, matamey, 
Niger, Zinder, Mirriah, 
Niger, Zinder, Takeita, 
Niger, Zinder, Tanout, 
Niger, Zinder, Tasker, 
Niger, Zinder, Zinder, Zinder I
Niger, Zinder, Zinder, Zinder II
Niger, Zinder, Zinder, Zinder III
Afghanistan,,,
Albanie,,,
Antarctique,,,
Algérie,,,
Samoa Américaines,,,
Andorre,,,
Angola,,,
Antigua-et-Barbuda,,,
Azerbaïdjan,,,
Argentine,,,
Australie,,,
Autriche,,,
Bahamas,,,
Bahreïn,,,
Bangladesh,,,
Arménie,,,
Barbade,,,
Belgique,,,
Bermudes,,,
Bhoutan,,,
Bolivie,,,
Bosnie-Herzégovine,,,
Botswana,,,
Île Bouvet,,,
Brésil,,,
Belize,,,
Territoire Britannique de l'Océan Indien,,,
Îles Salomon,,,
Îles Vierges Britanniques,,,
Brunéi Darussalam,,,
Bulgarie,,,
Myanmar,,,
Burundi,,,
Bélarus,,,
Cambodge,,,
Cameroun,,,
Canada,,,
Cap-vert,,,
Îles Caïmanes,,,
République Centrafricaine,,,
Sri Lanka,,,
Tchad,,,
Chili,,,
Chine,,,
Taïwan,,,
Île Christmas,,,
Îles Cocos (Keeling),,,
Colombie,,,
Comores,,,
Mayotte,,,
République du Congo,,,
République Démocratique du Congo,,,
Îles Cook,,,
Costa Rica,,,
Croatie,,,
Cuba,,,
Chypre,,,
République Tchèque,,,
Bénin,,,
Danemark,,,
Dominique,,,
République Dominicaine,,,
Équateur,,,
El Salvador,,,
Guinée Équatoriale,,,
Éthiopie,,,
Érythrée,,,
Estonie,,,
Îles Féroé,,,
Îles (malvinas) Falkland,,,
Géorgie du Sud et les Îles Sandwich du Sud,,,
Fidji,,,
Finlande,,,
Îles Åland,,,
France,,,
Guyane Française,,,
Polynésie Française,,,
Terres Australes Françaises,,,
Djibouti,,,
Gabon,,,
Géorgie,,,
Gambie,,,
Territoire Palestinien Occupé,,,
Allemagne,,,
Ghana,,,
Gibraltar,,,
Kiribati,,,
Grèce,,,
Groenland,,,
Grenade,,,
Guadeloupe,,,
Guam,,,
Guatemala,,,
Guinée,,,
Guyana,,,
Haïti,,,
Îles Heard et Mcdonald,,,
Saint-Siège (état de la Cité du Vatican),,,
Honduras,,,
Hong-Kong,,,
Hongrie,,,
Islande,,,
Inde,,,
Indonésie,,,
République Islamique d'Iran,,,
Iraq,,,
Irlande,,,
Israël,,,
Italie,,,
Côte d'Ivoire,,,
Jamaïque,,,
Japon,,,
Kazakhstan,,,
Jordanie,,,
Kenya,,,
République Populaire Démocratique de Corée,,,
République de Corée,,,
Koweït,,,
Kirghizistan,,,
République Démocratique Populaire Lao,,,
Liban,,,
Lesotho,,,
Lettonie,,,
Libéria,,,
Jamahiriya Arabe Libyenne,,,
Liechtenstein,,,
Lituanie,,,
Luxembourg,,,
Macao,,,
Madagascar,,,
Malawi,,,
Malaisie,,,
Maldives,,,
Mali,,,
Malte,,,
Martinique,,,
Mauritanie,,,
Maurice,,,
Mexique,,,
Monaco,,,
Mongolie,,,
République de Moldova,,,
Montserrat,,,
Maroc,,,
Mozambique,,,
Oman,,,
Namibie,,,
Nauru,,,
Népal,,,
Pays-Bas,,,
Antilles Néerlandaises,,,
Aruba,,,
Nouvelle-Calédonie,,,
Vanuatu,,,
Nouvelle-Zélande,,,
Nicaragua,,,
Nigéria,,,
Niué,,,
Île Norfolk,,,
Norvège,,,
Îles Mariannes du Nord,,,
Îles Mineures Éloignées des États-Unis,,,
États Fédérés de Micronésie,,,
Îles Marshall,,,
Palaos,,,
Pakistan,,,
Panama,,,
Papouasie-Nouvelle-Guinée,,,
Paraguay,,,
Pérou,,,
Philippines,,,
Pitcairn,,,
Pologne,,,
Portugal,,,
Guinée-Bissau,,,
Timor-Leste,,,
Porto Rico,,,
Qatar,,,
Réunion,,,
Roumanie,,,
Fédération de Russie,,,
Rwanda,,,
Sainte-Hélène,,,
Saint-Kitts-et-Nevis,,,
Anguilla,,,
Sainte-Lucie,,,
Saint-Pierre-et-Miquelon,,,
Saint-Vincent-et-les Grenadines,,,
Saint-Marin,,,
Sao Tomé-et-Principe,,,
Arabie Saoudite,,,
Sénégal,,,
Seychelles,,,
Sierra Leone,,,
Singapour,,,
Slovaquie,,,
Viet Nam,,,
Slovénie,,,
Somalie,,,
Afrique du Sud,,,
Zimbabwe,,,
Espagne,,,
Sahara Occidental,,,
Soudan,,,
Suriname,,,
Svalbard etÎle Jan Mayen,,,
Swaziland,,,
Suède,,,
Suisse,,,
République Arabe Syrienne,,,
Tadjikistan,,,
Thaïlande,,,
Togo,,,
Tokelau,,,
Tonga,,,
Trinité-et-Tobago,,,
Émirats Arabes Unis,,,
Tunisie,,,
Turquie,,,
Turkménistan,,,
Îles Turks et Caïques,,,
Tuvalu,,,
Ouganda,,,
Ukraine,,,
L'ex-République Yougoslave de Macédoine,,,
Égypte,,,
Royaume-Uni,,,
Île de Man,,,
République-Unie de Tanzanie,,,
États-Unis,,,
Îles Vierges des États-Unis,,,
Burkina Faso,,,
Uruguay,,,
Ouzbékistan,,,
Venezuela,,,
Wallis et Futuna,,,
Samoa,,,
Yémen,,,
Serbie-et-Monténégro,,,
Zambie,,,
